date,x1,x2,y1,y2,y3,y4,filtered_hole
2018-03-01,2,4,,,,,173
2018-04-14,1,4,,,,56.8,152
2018-06-01,1,4,,,,62.5,157
2018-06-18,1,4,,,,55.9,157
2018-06-01,1,4,,,,,157
2018-06-01,1,4,,,,54.1,175
2018-06-15,1,4,,,,54.2,175
2018-07-09,1,4,,,,64.6,157
2018-07-01,1,4,,,,53.3,157
2018-05-02,1,4,,,,,164
2018-05-10,1,4,,,,51.0,164
2018-07-23,1,4,,,,48.1,157
2018-07-30,1,4,,,,69.4,164
2018-05-02,1,4,,,,,175
2018-05-03,1,4,,,,48.0,175
2018-07-25,1,4,,,,53.7,175
2018-02-01,4,4,,,,,157
2018-02-27,4,4,,,,60.0,157
2018-02-09,4,4,,,,44.0,157
2018-02-01,4,4,,,,,164
2018-02-16,4,4,,,,51.0,164
2018-02-01,4,4,,,,,175
2018-02-27,4,4,,,,48.2,175
2018-01-01,5,1,34.1,38.2,30.2,38.0,158
2018-01-02,5,1,34.0,38.2,28.9,38.0,158
2018-01-03,5,1,34.0,38.2,29.9,38.0,158
2018-01-04,5,1,34.1,38.2,29.9,38.0,158
2018-01-10,5,1,34.0,38.2,29.5,38.0,158
2018-01-12,5,1,34.0,38.2,29.1,38.0,158
2018-01-13,5,1,33.9,38.2,29.5,38.0,158
2018-01-14,5,1,34.1,38.2,29.5,38.0,158
2018-01-17,5,1,34.1,38.2,29.1,38.0,158
2018-01-18,5,1,34.2,38.2,29.5,38.0,158
2018-01-20,5,1,33.8,38.2,29.5,38.0,158
2018-01-22,5,1,33.6,38.2,29.5,38.0,158
2018-01-25,5,1,33.5,38.2,29.5,38.0,158
2018-01-27,5,1,33.7,38.2,29.1,38.0,158
2018-01-30,5,1,34.2,38.2,29.1,38.0,158
2018-01-01,5,2,150.9,,121.7,40.0,160
2018-01-02,5,2,154.0,,109.8,40.0,160
2018-01-03,5,2,156.0,,121.7,40.0,160
2018-01-04,5,2,158.9,,121.7,40.0,160
2018-01-05,5,2,161.0,,121.7,40.0,160
2018-01-06,5,2,164.0,,121.7,40.0,160
2018-01-07,5,2,166.0,,110.0,40.0,160
2018-01-08,5,2,169.0,,110.0,40.0,160
2018-01-09,5,2,171.0,,110.0,40.0,160
2018-01-10,5,2,173.3,,121.7,40.0,160
2018-01-11,5,2,176.0,,121.7,40.0,160
2018-01-12,5,2,178.0,,121.7,40.0,160
2018-01-13,5,2,179.7,,121.7,40.0,160
2018-01-14,5,2,181.8,,121.7,40.0,160
2018-01-15,5,2,183.7,,121.7,40.0,160
2018-01-16,5,2,186.0,,121.7,40.0,160
2018-01-17,5,2,187.6,,110.0,40.0,160
2018-01-18,5,2,189.5,25.6,19.9,27.0,160
2018-01-19,5,2,191.0,25.6,19.9,27.0,160
2018-01-20,5,2,193.1,25.6,19.9,27.0,160
2018-01-21,5,2,194.8,25.6,19.9,27.0,160
2018-01-22,5,2,196.6,25.6,19.9,27.0,160
2018-01-23,5,2,198.4,25.6,19.5,27.0,160
2018-01-24,5,2,200.0,25.6,19.5,27.0,160
2018-01-25,5,2,201.6,25.6,19.5,27.0,160
2018-01-26,5,2,203.4,,19.5,27.0,160
2018-01-27,5,2,204.8,,19.5,27.0,160
2018-01-28,5,2,206.0,,19.5,27.0,160
2018-01-29,5,2,207.8,,19.5,27.0,160
2018-01-30,5,2,209.3,,19.5,27.0,160
2018-01-31,5,2,211.0,27.7,18.2,29.0,160
2018-01-01,5,1,32.8,51.1,43.0,,161
2018-01-02,5,1,34.0,51.1,44.1,,161
2018-01-03,5,1,33.0,51.1,43.0,,161
2018-01-07,5,1,33.0,51.1,43.3,,161
2018-01-10,5,1,33.1,51.1,44.0,,161
2018-01-11,5,1,33.0,51.1,44.0,,161
2018-01-13,5,1,32.9,51.1,43.7,,161
2018-01-14,5,1,32.8,51.1,43.7,,161
2018-01-16,5,1,33.0,51.1,43.7,,161
2018-01-17,5,1,33.0,51.1,43.4,,161
2018-01-18,5,1,32.7,51.1,42.8,,161
2018-01-19,5,1,32.8,51.1,42.8,,161
2018-01-21,5,1,33.2,51.1,43.1,,161
2018-01-22,5,1,32.9,51.1,43.1,,161
2018-01-23,5,1,33.0,51.1,42.8,,161
2018-01-25,5,1,32.9,51.1,42.8,,161
2018-01-27,5,1,32.7,51.1,43.0,,161
2018-01-29,5,1,33.0,50.9,50.9,,161
2018-01-30,5,1,32.5,50.9,50.9,,161
2018-01-01,5,2,12.0,,34.4,41.0,170
2018-01-03,5,2,12.0,,35.6,41.0,170
2018-01-10,5,2,12.0,,35.5,41.0,170
2018-01-12,5,2,12.0,,34.3,41.0,170
2018-01-17,5,2,12.0,45.6,36.4,46.0,170
2018-01-18,5,2,12.0,45.6,37.6,46.0,170
2018-01-21,5,2,12.0,45.6,35.2,46.0,170
2018-01-25,5,2,12.0,,35.2,46.0,170
2018-01-26,5,2,12.0,,36.3,46.0,170
2018-01-27,5,2,12.0,,35.1,46.0,170
2018-01-01,5,1,0.0,48.0,44.8,45.0,176
2018-01-02,5,1,0.0,48.0,45.1,45.0,176
2018-01-03,5,1,0.0,48.0,44.9,45.0,176
2018-01-07,5,1,0.0,48.0,45.0,45.0,176
2018-01-09,5,1,0.0,48.0,44.7,45.0,176
2018-01-10,5,1,0.0,48.0,44.6,45.0,176
2018-01-21,5,1,0.0,48.0,44.5,45.0,176
2018-01-27,5,1,0.0,47.0,43.9,45.0,176
2018-01-29,5,1,0.0,47.0,44.2,45.0,176
2018-01-01,5,2,,,87.0,74.0,177
2018-01-02,5,2,,,85.7,74.0,177
2018-01-12,5,2,,,86.9,74.0,177
2018-01-13,5,2,,,85.6,74.0,177
2018-01-17,5,2,,69.1,52.2,69.0,177
2018-01-18,5,2,,69.1,51.1,69.0,177
2018-01-25,5,2,,,51.1,69.0,177
2018-01-26,5,2,,,52.2,69.0,177
2018-01-01,5,3,,,45.7,53.0,187
2018-01-02,5,3,,,44.6,53.0,187
2018-01-03,5,3,0.0,,45.6,53.0,187
2018-01-11,5,3,0.0,,45.5,53.0,187
2018-01-12,5,3,0.0,,43.4,53.0,187
2018-01-13,5,3,0.0,,44.5,53.0,187
2018-01-18,5,3,0.0,,44.6,53.0,187
2018-01-26,5,3,0.0,,39.8,53.0,187
2018-01-27,5,3,0.0,,40.9,53.0,187
2018-01-01,5,3,27.0,71.5,66.1,43.0,188
2018-01-02,5,3,28.0,71.5,65.8,43.0,188
2018-01-04,5,3,27.7,71.5,65.8,43.0,188
2018-01-10,5,3,27.7,71.5,66.1,43.0,188
2018-01-12,5,3,27.0,71.5,65.8,43.0,188
2018-01-13,5,3,27.4,71.5,66.1,43.0,188
2018-01-14,5,3,27.2,71.5,66.1,43.0,188
2018-01-18,5,3,28.1,71.5,66.1,43.0,188
2018-01-19,5,3,28.0,71.5,66.1,43.0,188
2018-01-25,5,3,28.3,71.5,65.8,43.0,188
2018-01-27,5,3,28.6,71.5,66.1,43.0,188
2018-01-28,5,3,29.0,71.5,66.1,43.0,188
2018-01-30,5,3,28.8,71.5,66.1,43.0,188
2018-01-01,5,3,,45.4,37.2,,222
2018-01-03,5,3,,45.4,37.6,,222
2018-01-07,5,3,,40.4,33.4,,222
2018-01-09,5,3,,40.4,34.0,,222
2018-01-10,5,3,,44.4,37.5,,222
2018-01-12,5,3,,45.4,38.0,,222
2018-01-13,5,3,,46.3,38.9,,222
2018-01-17,5,3,,45.4,38.3,,222
2018-01-21,5,3,,44.4,37.2,,222
2018-01-26,5,3,,43.4,36.6,,222
2018-01-27,5,3,,43.4,36.3,,222
2018-01-01,5,2,,,99.1,10.0,232
2018-01-03,5,2,,,98.4,10.0,232
2018-01-06,5,2,,,98.2,10.0,232
2018-01-12,5,2,,,99.3,10.0,232
2018-01-01,5,1,,53.7,53.6,53.0,235
2018-01-02,5,1,,53.7,50.7,53.0,235
2018-01-03,5,1,,53.7,51.2,53.0,235
2018-01-06,5,1,,53.7,51.6,53.0,235
2018-01-08,5,1,,53.7,50.9,53.0,235
2018-01-12,5,1,,53.7,51.0,53.0,235
2018-01-14,5,1,,53.7,51.4,53.0,235
2018-01-23,5,1,,53.7,51.1,53.0,235
2018-01-01,5,2,44.0,55.4,36.5,63.0,239
2018-01-07,5,2,44.0,55.4,35.8,63.0,239
2018-01-18,5,2,44.1,55.4,36.5,63.0,239
2018-01-19,5,2,44.4,55.4,36.5,63.0,239
2018-01-20,5,2,44.2,55.4,36.5,63.0,239
2018-01-21,5,2,44.0,56.4,36.4,63.0,239
2018-01-22,5,2,44.3,56.4,36.4,63.0,239
2018-01-28,5,2,44.0,55.3,35.7,63.0,239
2018-01-29,5,2,45.0,55.3,35.7,63.0,239
2018-01-01,5,2,0.0,,42.8,55.0,240
2018-01-03,5,2,0.0,,41.7,55.0,240
2018-04-01,3,1,33.0,38.2,29.1,,158
2018-04-02,3,1,32.0,38.2,28.8,,158
2018-04-04,3,1,33.0,38.2,29.3,,158
2018-04-06,3,1,33.0,38.2,29.6,,158
2018-04-07,3,1,33.0,38.2,28.3,,158
2018-04-09,3,1,32.0,38.2,28.3,,158
2018-04-11,3,1,32.0,38.2,29.3,,158
2018-04-14,3,1,32.0,38.2,29.5,,158
2018-04-15,3,1,33.0,38.2,29.5,,158
2018-04-19,3,1,33.0,38.2,29.4,,158
2018-04-21,3,1,32.0,38.2,29.4,,158
2018-04-22,3,1,37.0,38.2,29.4,,158
2018-04-23,3,1,36.0,38.2,29.5,,158
2018-04-24,3,1,38.0,38.2,29.1,,158
2018-04-25,3,1,35.0,38.2,29.1,,158
2018-04-29,3,1,32.0,38.2,29.1,,158
2018-04-01,3,2,268.0,,21.4,29.0,160
2018-04-03,3,2,269.0,,21.4,29.0,160
2018-04-04,3,2,269.0,,22.1,29.0,160
2018-04-05,3,2,270.0,,22.1,29.0,160
2018-04-06,3,2,271.0,,22.1,29.0,160
2018-04-07,3,2,271.0,,20.9,29.0,160
2018-04-08,3,2,272.0,,20.9,29.0,160
2018-04-09,3,2,273.0,,20.9,29.0,160
2018-04-10,3,2,273.0,,21.5,29.0,160
2018-04-11,3,2,273.0,,22.7,29.0,160
2018-04-12,3,2,274.0,,22.7,29.0,160
2018-04-13,3,2,275.0,,22.4,29.0,160
2018-04-15,3,2,276.0,,22.4,29.0,160
2018-04-16,3,2,277.0,,22.4,29.0,160
2018-04-18,3,2,278.0,,22.4,29.0,160
2018-04-20,3,2,279.0,,22.4,29.0,160
2018-04-22,3,2,280.0,,22.5,29.0,160
2018-04-23,3,2,280.0,,21.3,29.0,160
2018-04-24,3,2,281.0,,22.5,29.0,160
2018-04-27,3,2,285.0,,22.4,29.0,160
2018-04-28,3,2,284.0,,22.4,29.0,160
2018-04-01,3,1,32.0,51.1,43.9,,161
2018-04-02,3,1,33.0,51.1,43.9,,161
2018-04-11,3,1,32.0,51.1,43.5,,161
2018-04-12,3,1,33.0,51.1,43.2,,161
2018-04-14,3,1,33.0,53.1,44.8,,161
2018-04-15,3,1,32.0,53.1,44.8,,161
2018-04-18,3,1,33.0,53.1,45.4,,161
2018-04-20,3,1,32.0,53.1,45.0,,161
2018-04-23,3,1,33.0,53.1,45.3,,161
2018-04-27,3,1,33.0,53.1,45.0,,161
2018-04-28,3,1,32.0,53.0,45.2,,161
2018-04-30,3,1,33.0,53.0,45.2,,161
2018-04-01,3,2,12.0,,46.4,44.0,170
2018-04-03,3,2,12.0,,40.7,44.0,170
2018-04-04,3,2,12.0,,41.9,48.0,170
2018-04-07,3,2,12.0,,41.5,48.0,170
2018-04-10,3,2,12.0,,41.4,48.0,170
2018-04-11,3,2,12.0,,40.2,48.0,170
2018-04-14,3,2,12.0,,38.8,48.0,170
2018-04-15,3,2,12.0,,40.3,48.0,170
2018-04-17,3,2,12.0,,40.4,48.0,170
2018-04-23,3,2,12.0,,41.6,48.0,170
2018-04-01,3,1,40.0,47.0,44.1,,176
2018-04-02,3,1,41.0,47.0,44.1,,176
2018-04-03,3,1,41.0,47.0,44.2,,176
2018-04-04,3,1,41.0,47.0,44.3,,176
2018-04-05,3,1,40.0,47.0,44.3,,176
2018-04-07,3,1,41.0,47.0,43.3,,176
2018-04-14,3,1,41.0,49.0,45.1,,176
2018-04-28,3,1,40.0,47.0,44.2,,176
2018-04-01,3,2,12.0,,35.8,79.0,177
2018-04-10,3,2,12.0,,36.7,79.0,177
2018-04-11,3,2,12.0,,35.1,165.0,177
2018-04-14,3,2,12.0,,64.1,165.0,177
2018-04-15,3,2,12.0,,35.8,165.0,177
2018-04-23,3,2,12.0,,34.6,165.0,177
2018-04-01,3,3,12.0,,47.9,51.0,187
2018-04-04,3,3,12.0,,48.7,51.0,187
2018-04-07,3,3,12.0,,48.5,51.0,187
2018-04-11,3,3,12.0,,47.6,51.0,187
2018-04-12,3,3,12.0,,47.8,51.0,187
2018-04-14,3,3,12.0,,53.6,51.0,187
2018-04-20,3,3,12.0,,54.0,51.0,187
2018-04-24,3,3,12.0,,55.0,51.0,187
2018-04-29,3,3,12.0,,54.5,51.0,187
2018-04-01,3,3,35.0,78.2,71.8,,188
2018-04-02,3,3,35.0,78.1,69.3,,188
2018-04-06,3,3,34.0,78.1,69.5,,188
2018-04-07,3,3,35.0,78.1,68.4,,188
2018-04-10,3,3,36.0,78.1,68.4,,188
2018-04-11,3,3,36.0,78.1,69.5,,188
2018-04-13,3,3,35.0,78.1,69.5,,188
2018-04-23,3,3,35.0,78.1,69.2,,188
2018-04-24,3,3,32.0,78.1,69.5,,188
2018-04-27,3,3,3.0,,,61.0,198
2018-04-01,3,3,,40.4,32.9,,222
2018-04-04,3,3,,40.4,32.6,,222
2018-04-09,3,3,,40.4,32.5,,222
2018-04-11,3,3,,40.4,34.0,,222
2018-04-14,3,3,,39.4,33.1,,222
2018-04-18,3,3,,39.4,33.2,,222
2018-04-22,3,3,,39.4,33.0,,222
2018-04-24,3,3,,39.4,32.7,,222
2018-04-01,3,2,191.0,,,,232
2018-04-06,3,2,192.0,,,,232
2018-04-14,3,2,193.0,,,,232
2018-04-19,3,2,195.0,,,,232
2018-04-20,3,2,199.0,,,,232
2018-04-21,3,2,197.0,,,,232
2018-04-22,3,2,196.0,,,,232
2018-03-01,3,1,33.0,38.2,29.4,38.0,158
2018-03-02,3,1,33.0,38.2,29.7,38.0,158
2018-04-01,3,1,44037.0,60.6,59.1,,235
2018-04-02,3,1,44037.0,60.6,59.2,,235
2018-03-06,3,1,33.0,38.2,29.5,38.0,158
2018-04-03,3,1,44036.0,60.6,59.1,,235
2018-04-04,3,1,44036.0,60.6,58.0,,235
2018-04-05,3,1,44032.0,60.6,58.3,,235
2018-03-08,3,1,34.0,38.2,29.5,38.0,158
2018-03-09,3,1,33.0,38.2,29.1,38.0,158
2018-04-06,3,1,44037.0,60.6,58.5,,235
2018-04-07,3,1,44041.0,60.7,57.5,,235
2018-03-10,3,1,33.0,38.2,29.6,38.0,158
2018-03-11,3,1,32.0,,,38.0,158
2018-04-08,3,1,44041.0,60.6,57.2,,235
2018-04-09,3,1,44037.0,60.6,57.1,,235
2018-03-12,3,1,33.0,,,38.0,158
2018-04-10,3,1,44032.0,60.6,57.1,,235
2018-04-11,3,1,44036.0,60.6,58.1,,235
2018-04-12,3,1,44036.0,60.6,58.2,,235
2018-04-13,3,1,44031.0,60.6,57.6,,235
2018-04-14,3,1,44041.0,60.6,59.1,,235
2018-04-15,3,1,44032.0,60.5,59.2,,235
2018-04-16,3,1,44037.0,60.5,59.1,,235
2018-04-17,3,1,44035.0,60.5,59.1,,235
2018-04-18,3,1,44032.0,60.5,58.3,,235
2018-04-20,3,1,44036.0,60.5,58.1,,235
2018-04-21,3,1,44032.0,60.5,58.1,,235
2018-04-22,3,1,44041.0,60.6,58.6,,235
2018-04-23,3,1,44032.0,60.6,58.1,,235
2018-04-24,3,1,24706.0,60.6,58.6,,235
2018-04-25,3,1,55.0,60.6,58.6,,235
2018-04-29,3,1,55.0,60.7,58.3,,235
2018-03-01,3,2,245.0,,19.4,29.0,160
2018-04-30,3,1,56.0,60.7,58.3,,235
2018-03-02,3,2,246.0,,19.4,29.0,160
2018-04-01,3,2,43.0,54.3,35.7,,239
2018-04-02,3,2,43.0,54.3,35.8,,239
2018-03-03,3,2,247.0,,19.4,29.0,160
2018-03-04,3,2,248.0,,18.2,29.0,160
2018-04-04,3,2,44.0,55.3,36.4,,239
2018-03-06,3,2,249.0,,18.2,29.0,160
2018-04-06,3,2,44.0,55.3,36.3,,239
2018-03-07,3,2,250.0,,19.4,29.0,160
2018-03-08,3,2,251.0,,19.4,29.0,160
2018-04-07,3,2,44.0,54.3,36.3,,239
2018-03-09,3,2,252.0,,19.4,29.0,160
2018-03-10,3,2,253.0,,19.4,29.0,160
2018-03-11,3,2,254.0,,,29.0,160
2018-04-11,3,2,44.0,54.4,36.9,,239
2018-03-13,3,2,255.0,,,29.0,160
2018-03-14,3,2,256.0,,,29.0,160
2018-04-14,3,2,44.0,55.4,37.5,,239
2018-03-15,3,2,257.0,,,29.0,160
2018-04-16,3,2,44.0,55.4,37.4,,239
2018-03-17,3,2,258.0,,,29.0,160
2018-03-18,3,2,259.0,,,29.0,160
2018-03-19,3,2,262.0,,,29.0,160
2018-04-18,3,2,44.0,55.4,36.7,,239
2018-03-20,3,2,260.0,,,29.0,160
2018-03-21,3,2,261.0,,,29.0,160
2018-03-24,3,2,263.0,,,29.0,160
2018-04-24,3,2,44.0,55.4,37.3,,239
2018-03-26,3,2,264.0,,,29.0,160
2018-04-27,3,2,45.0,55.4,37.3,,239
2018-03-27,3,2,265.0,,,29.0,160
2018-03-29,3,2,266.0,,,29.0,160
2018-03-31,3,2,267.0,,,29.0,160
2018-04-01,3,3,0.0,51.0,41.3,50.0,240
2018-03-01,3,1,33.0,51.2,43.9,,161
2018-04-04,3,3,0.0,52.0,42.2,50.0,240
2018-03-04,3,1,32.0,51.2,43.9,,161
2018-04-07,3,3,0.0,53.0,42.2,50.0,240
2018-03-07,3,1,33.0,51.1,42.9,,161
2018-04-08,3,3,0.0,53.1,42.1,50.0,240
2018-03-09,3,1,32.0,51.1,43.3,,161
2018-04-11,3,3,0.0,52.1,41.4,50.0,240
2018-03-11,3,1,32.0,,,,161
2018-03-12,3,1,33.0,,,,161
2018-04-13,3,3,0.0,52.0,41.3,50.0,240
2018-04-14,3,3,0.0,52.0,40.8,50.0,240
2018-04-16,3,3,0.0,52.0,40.7,50.0,240
2018-04-18,3,3,0.0,52.0,41.4,50.0,240
2018-04-21,3,3,0.0,52.0,41.5,50.0,240
2018-04-23,3,3,0.0,52.0,41.8,50.0,240
2018-03-01,3,2,12.0,,34.4,44.0,170
2018-03-04,3,2,12.0,,34.5,44.0,170
2018-03-07,3,2,12.0,,33.7,44.0,170
2018-03-10,3,2,12.0,,36.1,44.0,170
2018-03-13,3,2,12.0,,36.0,44.0,170
2018-03-19,3,2,12.0,,41.4,44.0,170
2018-03-23,3,2,12.0,,42.6,44.0,170
2018-03-24,3,2,12.0,,41.2,44.0,170
2018-03-29,3,2,12.0,,47.6,44.0,170
2018-03-01,3,1,0.0,47.0,43.9,45.0,176
2018-03-07,3,1,0.0,47.0,43.6,45.0,176
2018-03-08,3,1,0.0,47.0,43.7,45.0,176
2018-03-09,3,1,0.0,47.0,44.2,45.0,176
2018-03-10,3,1,0.0,47.0,44.0,45.0,176
2018-03-11,3,1,0.0,,,45.0,176
2018-03-20,3,1,21.0,,,45.0,176
2018-03-21,3,1,41.0,,,45.0,176
2018-03-22,3,1,40.0,,,45.0,176
2018-03-01,3,2,,,59.2,78.0,177
2018-03-11,3,2,,,59.2,79.0,177
2018-03-16,3,2,12.0,,48.4,79.0,177
2018-03-19,3,2,12.0,,63.8,79.0,177
2018-03-22,3,2,12.0,,63.7,79.0,177
2018-03-24,3,2,12.0,,64.9,79.0,177
2018-03-27,3,2,12.0,,65.0,79.0,177
2018-03-01,3,3,0.0,,44.4,62.0,187
2018-03-03,3,3,0.0,,44.2,62.0,187
2018-03-07,3,3,0.0,,43.2,62.0,187
2018-03-08,3,3,0.0,,43.1,62.0,187
2018-03-09,3,3,0.0,,42.0,62.0,187
2018-03-12,3,3,0.0,,43.3,51.0,187
2018-03-16,3,3,0.0,,43.6,51.0,187
2018-03-19,3,3,0.0,,42.4,51.0,187
2018-03-23,3,3,0.0,,43.5,51.0,187
2018-03-25,3,3,0.0,,42.5,51.0,187
2018-03-29,3,3,6.0,,47.9,51.0,187
2018-03-01,3,3,34.0,75.2,69.5,43.0,188
2018-03-03,3,3,34.0,75.2,69.1,43.0,188
2018-03-04,3,3,34.0,75.2,69.2,43.0,188
2018-03-09,3,3,35.0,75.2,68.9,43.0,188
2018-03-10,3,3,34.0,75.2,68.9,43.0,188
2018-03-11,3,3,34.0,,,43.0,188
2018-03-12,3,3,35.0,,,43.0,188
2018-03-14,3,3,36.0,,,43.0,188
2018-03-22,3,3,37.0,,,43.0,188
2018-03-28,3,3,36.0,79.2,72.3,43.0,188
2018-03-29,3,3,35.0,79.2,72.3,43.0,188
2018-03-01,3,3,,42.4,35.2,,222
2018-03-04,3,3,,40.4,33.5,,222
2018-03-07,3,3,,40.4,33.8,,222
2018-03-09,3,3,,40.4,33.2,,222
2018-03-11,3,3,,,,,222
2018-03-01,3,2,,,48.6,10.0,232
2018-03-08,3,2,,,48.5,10.0,232
2018-03-13,3,2,,,55.7,10.0,232
2018-03-16,3,2,,,45.3,10.0,232
2018-03-19,3,2,189.0,,45.4,10.0,232
2018-03-20,3,2,189.0,,45.3,10.0,232
2018-03-22,3,2,190.0,,45.3,10.0,232
2018-03-23,3,2,190.0,,45.4,10.0,232
2018-03-01,3,1,,53.7,50.7,53.0,235
2018-03-05,3,1,,53.7,50.8,53.0,235
2018-03-07,3,1,,53.6,51.7,53.0,235
2018-03-08,3,1,,61.6,59.9,53.0,235
2018-03-09,3,1,,61.6,60.1,53.0,235
2018-03-10,3,1,,60.6,59.1,53.0,235
2018-03-13,3,1,,60.5,58.4,53.0,235
2018-03-14,3,1,43994.0,60.5,58.4,53.0,235
2018-03-15,3,1,43997.0,60.5,58.4,53.0,235
2018-03-16,3,1,43964.0,60.5,58.6,53.0,235
2018-03-17,3,1,43823.0,60.5,58.8,53.0,235
2018-03-18,3,1,43980.0,60.5,58.8,53.0,235
2018-03-19,3,1,44011.0,60.5,58.3,53.0,235
2018-03-20,3,1,43995.0,60.5,58.3,53.0,235
2018-03-21,3,1,44008.0,60.5,58.3,53.0,235
2018-03-22,3,1,44017.0,60.6,58.2,53.0,235
2018-03-23,3,1,44004.0,60.5,58.9,53.0,235
2018-03-24,3,1,44008.0,60.5,58.8,53.0,235
2018-03-25,3,1,44023.0,60.6,58.8,53.0,235
2018-03-26,3,1,44017.0,60.6,58.8,53.0,235
2018-03-27,3,1,43993.0,60.6,58.8,53.0,235
2018-03-28,3,1,43900.0,60.6,58.3,53.0,235
2018-03-29,3,1,43919.0,60.6,58.3,53.0,235
2018-03-30,3,1,44022.0,60.6,58.3,53.0,235
2018-03-31,3,1,44041.0,60.6,58.3,53.0,235
2018-03-01,3,2,44.0,54.3,36.0,63.0,239
2018-03-03,3,2,44.0,54.4,36.0,63.0,239
2018-03-08,3,2,44.0,55.4,36.6,63.0,239
2018-03-11,3,2,44.0,,,63.0,239
2018-03-18,3,2,43.0,,,63.0,239
2018-03-01,3,2,0.0,54.0,43.1,50.0,240
2018-03-04,3,2,0.0,58.0,46.3,50.0,240
2018-03-08,3,2,0.0,55.0,44.1,50.0,240
2018-03-09,3,2,0.0,54.0,43.3,50.0,240
2018-03-10,3,2,0.0,54.0,42.9,50.0,240
2018-03-16,3,2,0.0,55.0,43.7,50.0,240
2018-03-18,3,2,0.0,55.0,44.3,50.0,240
2018-03-19,3,2,0.0,53.0,42.9,50.0,240
2018-03-22,3,2,0.0,53.0,43.0,50.0,240
2018-03-23,3,2,0.0,52.0,42.2,50.0,240
2018-03-24,3,2,0.0,52.0,41.8,50.0,240
2018-03-26,3,3,0.0,52.0,41.6,50.0,240
2018-06-02,3,1,34.0,38.2,29.0,,158
2018-06-03,3,1,37.0,38.2,29.0,,158
2018-06-05,3,1,38.0,38.2,29.0,,158
2018-06-06,3,1,39.0,38.2,29.0,,158
2018-06-07,3,1,37.0,38.2,29.1,,158
2018-06-08,3,1,38.0,38.2,29.2,,158
2018-06-11,3,1,37.0,38.2,29.2,,158
2018-06-12,3,1,37.0,52.1,28.2,,158
2018-06-13,3,1,38.0,52.1,28.2,,158
2018-06-14,3,1,37.0,52.1,28.0,,158
2018-06-18,3,1,37.0,38.2,28.8,,158
2018-06-19,3,1,37.0,38.2,29.3,,158
2018-06-20,3,1,38.0,38.2,28.8,,158
2018-06-21,3,1,37.0,38.3,28.7,,158
2018-06-22,3,1,38.0,38.3,28.7,,158
2018-06-23,3,1,39.0,38.3,28.7,,158
2018-06-24,3,1,85.0,38.3,28.7,,158
2018-06-25,3,1,38.0,38.2,28.7,,158
2018-06-27,3,1,37.0,38.2,28.7,,158
2018-06-01,3,2,295.0,,22.4,,160
2018-06-02,3,2,296.0,,22.4,,160
2018-06-05,3,2,297.0,,19.3,,160
2018-06-06,3,2,297.0,,19.4,,160
2018-06-08,3,2,298.0,,19.4,,160
2018-06-11,3,2,299.0,,19.4,,160
2018-06-13,3,2,300.0,,19.4,,160
2018-06-15,3,2,300.0,,21.3,,160
2018-06-19,3,2,301.0,,21.3,,160
2018-06-20,3,2,301.0,,20.3,,160
2018-06-21,3,2,301.0,,19.1,,160
2018-06-22,3,2,302.0,,20.3,,160
2018-06-23,3,2,302.0,,19.2,,160
2018-06-24,3,2,303.0,,19.2,,160
2018-06-26,3,2,304.0,,19.1,,160
2018-06-27,3,2,303.0,,19.1,,160
2018-06-29,3,2,304.0,,20.3,,160
2018-06-01,3,1,32.0,51.1,43.8,,161
2018-06-02,3,1,32.0,51.1,44.1,,161
2018-06-03,3,1,33.0,51.1,44.1,,161
2018-06-07,3,1,32.0,51.0,43.6,,161
2018-06-08,3,1,33.0,51.0,43.6,,161
2018-06-15,3,1,32.0,51.1,43.6,,161
2018-06-16,3,1,32.0,51.1,44.0,,161
2018-06-21,3,1,33.0,51.1,44.0,,161
2018-06-26,3,1,33.0,51.1,43.5,,161
2018-06-29,3,1,32.0,51.1,43.1,,161
2018-06-30,3,1,32.0,51.0,43.1,,161
2018-06-01,3,2,12.0,,35.8,48.0,170
2018-06-02,3,2,12.0,,34.6,48.0,170
2018-06-05,3,2,12.0,,44.9,48.0,170
2018-06-09,3,2,12.0,,44.8,48.0,170
2018-06-15,3,2,12.0,,46.1,48.0,170
2018-06-20,3,2,12.0,,43.7,48.0,170
2018-06-26,3,2,12.0,,45.4,48.0,170
2018-06-27,3,2,12.0,,48.3,48.0,170
2018-06-29,3,2,12.0,,44.0,48.0,170
2018-06-30,3,2,12.0,,45.2,48.0,170
2018-01-01,5,2,,181.3,111.0,240.0,230
2018-01-03,5,2,,184.3,112.8,240.0,230
2018-01-17,5,2,,272.3,172.9,294.0,230
2018-01-18,5,2,,272.5,150.2,294.0,230
2018-01-19,5,2,,272.5,152.8,294.0,230
2018-01-20,5,2,,272.6,152.1,294.0,230
2018-01-21,5,2,,271.6,153.1,294.0,230
2018-01-24,5,2,,244.0,152.9,294.0,230
2018-01-26,5,2,,240.0,150.2,294.0,230
2018-01-27,5,2,,228.2,141.9,294.0,230
2018-06-01,3,2,53.0,61.9,50.6,64.0,177
2018-01-01,5,1,51.7,144.1,117.9,156.0,232
2018-06-02,3,2,53.0,61.9,50.3,64.0,177
2018-01-02,5,1,50.6,144.1,117.9,156.0,232
2018-06-03,3,2,53.0,61.8,50.0,64.0,177
2018-06-04,3,2,52.0,61.8,50.0,64.0,177
2018-01-03,5,1,50.9,144.1,117.9,156.0,232
2018-01-04,5,1,51.4,143.8,116.4,156.0,232
2018-01-05,5,1,50.9,143.8,116.4,156.0,232
2018-06-06,3,2,50.0,61.8,50.0,64.0,177
2018-01-06,5,1,51.8,143.8,116.4,156.0,232
2018-01-07,5,1,51.1,144.1,117.7,156.0,232
2018-06-08,3,2,50.0,58.8,47.5,64.0,177
2018-01-08,5,1,51.8,146.1,123.1,156.0,232
2018-06-09,3,2,49.0,58.8,47.5,64.0,177
2018-01-09,5,1,51.5,146.1,123.1,156.0,232
2018-06-11,3,2,48.0,58.8,47.5,64.0,177
2018-01-10,5,1,50.7,146.1,122.8,156.0,232
2018-06-12,3,2,48.0,57.9,49.9,64.0,177
2018-01-11,5,1,52.1,146.1,122.8,156.0,232
2018-01-12,5,1,50.8,146.1,122.9,156.0,232
2018-06-14,3,2,47.0,57.9,49.9,64.0,177
2018-01-13,5,1,51.7,145.3,120.8,156.0,232
2018-01-14,5,1,51.8,145.3,120.8,156.0,232
2018-06-15,3,2,47.0,57.9,47.2,64.0,177
2018-06-16,3,2,46.0,56.9,46.1,64.0,177
2018-01-15,5,1,50.8,145.3,121.2,156.0,232
2018-01-16,5,1,51.0,145.3,121.2,156.0,232
2018-06-17,3,2,46.0,56.9,46.0,64.0,177
2018-01-17,5,1,62.4,145.3,237.2,156.0,232
2018-06-18,3,2,46.0,55.9,45.2,64.0,177
2018-01-18,5,1,50.4,145.3,237.2,156.0,232
2018-06-19,3,2,46.0,55.9,45.7,64.0,177
2018-01-19,5,1,50.3,145.3,237.2,156.0,232
2018-06-20,3,2,46.0,54.9,44.5,64.0,177
2018-01-20,5,1,50.9,145.3,237.2,156.0,232
2018-01-21,5,1,50.7,145.1,235.6,156.0,232
2018-01-22,5,1,50.2,145.1,120.0,156.0,232
2018-01-23,5,1,50.5,145.1,120.0,156.0,232
2018-01-24,5,1,50.9,145.1,120.0,156.0,232
2018-06-25,3,2,45.0,54.9,44.9,64.0,177
2018-01-25,5,1,51.0,145.5,122.1,156.0,232
2018-01-27,5,1,51.2,146.3,124.1,156.0,232
2018-06-29,3,2,45.0,54.9,44.5,64.0,177
2018-01-28,5,1,51.7,146.3,124.1,156.0,232
2018-01-29,5,1,52.0,146.3,124.1,156.0,232
2018-01-30,5,1,51.0,146.3,124.1,156.0,232
2018-06-01,3,3,12.0,,44.0,51.0,187
2018-06-02,3,3,12.0,,43.1,51.0,187
2018-06-05,3,3,12.0,,57.8,51.0,187
2018-06-08,3,3,12.0,,57.7,51.0,187
2018-06-16,3,3,12.0,,58.7,51.0,187
2018-06-21,3,3,12.0,,57.6,51.0,187
2018-06-23,3,3,12.0,,59.6,51.0,187
2018-06-25,3,3,12.0,,56.6,51.0,187
2018-06-27,3,3,12.0,,48.9,51.0,187
2018-06-29,3,3,12.0,,46.4,51.0,187
2018-06-01,3,3,35.0,75.2,64.5,,188
2018-06-02,3,3,35.0,75.2,64.1,,188
2018-06-03,3,3,34.0,75.2,64.1,,188
2018-06-06,3,3,34.0,75.2,61.7,,188
2018-06-12,3,3,34.0,75.2,61.0,,188
2018-06-14,3,3,35.0,75.2,61.0,,188
2018-06-15,3,3,35.0,75.2,61.6,,188
2018-06-22,3,3,35.0,77.1,63.2,,188
2018-06-23,3,3,35.0,77.1,63.3,,188
2018-06-26,3,3,36.0,77.1,63.3,,188
2018-06-28,3,3,37.0,77.1,63.3,,188
2018-06-29,3,3,37.0,77.1,62.5,,188
2018-06-30,3,3,37.0,77.1,63.1,,188
2018-06-01,3,3,3.0,61.3,,61.0,198
2018-06-01,3,3,,40.4,33.4,,222
2018-06-02,3,3,,40.4,33.1,,222
2018-06-03,3,3,,40.4,32.8,,222
2018-06-10,3,3,,40.4,33.3,,222
2018-06-16,3,3,,40.4,33.0,,222
2018-06-18,3,3,,39.4,32.1,,222
2018-06-19,3,3,,39.4,32.2,,222
2018-06-20,3,3,,39.4,32.6,,222
2018-06-29,3,3,,39.4,32.3,,222
2018-06-01,3,2,201.0,,,,232
2018-06-04,3,2,202.0,,,,232
2018-06-05,3,2,198.0,,,,232
2018-06-06,3,2,204.0,,,,232
2018-06-09,3,2,205.0,,,,232
2018-06-10,3,2,206.0,,,,232
2018-06-11,3,2,,,,,232
2018-06-15,3,2,207.0,,,,232
2018-06-17,3,2,207.0,,151.6,,232
2018-06-18,3,2,208.0,,151.6,,232
2018-06-20,3,2,209.0,,151.6,,232
2018-06-21,3,2,210.0,,151.6,,232
2018-06-23,3,2,211.0,,151.6,,232
2018-06-25,3,2,212.0,,151.6,,232
2018-06-28,3,2,,,151.6,,232
2018-06-01,3,1,54.0,61.6,58.7,,235
2018-06-02,3,1,54.0,61.6,58.8,,235
2018-06-03,3,1,55.0,61.6,58.9,,235
2018-06-05,3,1,53.0,61.5,59.0,,235
2018-06-06,3,1,55.0,61.5,59.0,,235
2018-06-07,3,1,55.0,61.6,59.0,,235
2018-06-08,3,1,57.0,61.6,59.2,,235
2018-06-09,3,1,56.0,61.6,58.8,,235
2018-06-10,3,1,54.0,61.6,59.1,,235
2018-06-11,3,1,,61.6,58.6,,235
2018-06-12,3,1,55.0,61.6,58.6,,235
2018-06-14,3,1,52.0,61.6,58.6,,235
2018-06-15,3,1,43.0,61.6,58.3,,235
2018-06-16,3,1,55.0,61.6,58.1,,235
2018-06-17,3,1,54.0,61.6,58.0,,235
2018-06-18,3,1,50.0,61.6,58.6,,235
2018-06-19,3,1,34.0,61.5,58.9,,235
2018-06-20,3,1,45.0,61.5,58.8,,235
2018-06-21,3,1,54.0,61.5,58.9,,235
2018-06-22,3,1,53.0,61.5,58.9,,235
2018-06-23,3,1,54.0,61.5,59.0,,235
2018-06-25,3,1,54.0,61.5,58.5,,235
2018-06-26,3,1,52.0,61.6,58.4,,235
2018-06-27,3,1,45.0,61.6,58.4,,235
2018-06-28,3,1,0.0,61.6,58.4,,235
2018-06-29,3,1,,61.6,58.5,,235
2018-06-08,3,2,45.0,55.4,38.0,,239
2018-06-12,3,2,45.0,55.4,38.2,,239
2018-06-15,3,2,44.0,55.4,36.8,,239
2018-06-21,3,2,44.0,55.4,37.2,,239
2018-06-24,3,2,44.0,55.3,37.1,,239
2018-06-26,3,2,44.0,55.3,37.8,,239
2018-06-29,3,2,44.0,55.3,36.5,,239
2018-06-30,3,2,44.0,55.3,37.2,,239
2018-06-01,3,3,0.0,51.0,41.2,,240
2018-06-02,3,3,0.0,51.0,41.5,,240
2018-06-09,3,3,0.0,51.0,41.4,,240
2018-06-15,3,3,0.0,52.0,42.5,,240
2018-06-16,3,3,0.0,52.0,41.7,,240
2018-06-18,3,3,0.0,52.0,42.1,,240
2018-06-22,3,3,0.0,51.0,41.8,,240
2018-06-23,3,3,7.0,51.0,41.8,,240
2018-06-24,3,3,40.0,51.0,41.8,,240
2018-06-25,3,3,40.0,51.0,41.4,,240
2018-06-27,3,3,39.0,51.0,41.4,,240
2018-06-29,3,3,40.0,52.0,42.5,,240
2018-06-30,3,3,40.0,52.0,42.1,,240
2018-04-01,3,2,,202.6,132.3,265.0,230
2018-04-03,3,2,,202.7,133.6,265.0,230
2018-04-04,3,2,,203.7,129.6,265.0,230
2018-04-07,3,2,,201.7,128.4,265.0,230
2018-04-11,3,2,,194.7,132.0,265.0,230
2018-04-15,3,2,,191.7,130.0,265.0,230
2018-04-17,3,2,,191.7,130.1,265.0,230
2018-04-18,3,2,,190.8,121.5,265.0,230
2018-04-24,3,2,,188.8,125.1,265.0,230
2018-04-25,3,2,,185.8,123.2,265.0,230
2018-04-28,3,2,,185.8,123.9,265.0,230
2018-04-01,3,1,,144.9,122.2,,232
2018-04-02,3,1,45.0,144.9,122.2,,232
2018-04-03,3,1,49.0,144.9,122.2,,232
2018-04-04,3,1,49.0,143.9,120.6,,232
2018-04-05,3,1,50.0,143.9,120.6,,232
2018-04-07,3,1,50.0,143.0,117.7,,232
2018-04-08,3,1,49.0,143.0,117.7,,232
2018-04-09,3,1,48.0,143.0,117.7,,232
2018-04-11,3,1,49.0,142.3,116.0,,232
2018-04-12,3,1,48.0,142.3,116.0,,232
2018-04-14,3,1,49.0,144.2,120.6,,232
2018-04-15,3,1,50.0,144.2,120.6,,232
2018-04-17,3,1,48.0,144.7,121.8,,232
2018-04-18,3,1,48.0,144.7,122.8,,232
2018-04-19,3,1,49.0,144.7,122.8,,232
2018-04-21,3,1,51.0,144.7,122.8,,232
2018-04-23,3,1,49.0,142.4,116.9,,232
2018-04-24,3,1,49.0,142.4,116.1,,232
2018-04-25,3,1,49.0,141.5,113.8,,232
2018-04-26,3,1,48.0,141.5,113.8,,232
2018-04-27,3,1,51.0,141.5,113.8,,232
2018-04-28,3,1,50.0,141.5,113.8,,232
2018-04-29,3,1,48.0,140.1,111.3,,232
2018-05-03,3,1,33.0,38.2,29.2,,158
2018-05-04,3,1,34.0,38.2,29.2,,158
2018-05-05,3,1,35.0,38.2,29.2,,158
2018-05-06,3,1,36.0,38.2,29.2,,158
2018-05-09,3,1,34.0,38.3,29.6,,158
2018-05-10,3,1,33.0,38.3,29.1,,158
2018-05-11,3,1,34.0,38.3,29.1,,158
2018-05-13,3,1,38.0,38.3,29.1,,158
2018-05-14,3,1,37.0,38.3,29.1,,158
2018-05-15,3,1,37.0,38.2,28.5,,158
2018-05-16,3,1,32.0,38.2,28.5,,158
2018-05-17,3,1,33.0,38.2,28.5,,158
2018-05-19,3,1,32.0,38.2,28.6,,158
2018-05-20,3,1,33.0,38.3,28.7,,158
2018-05-21,3,1,34.0,38.3,28.7,,158
2018-05-22,3,1,32.0,38.2,29.0,,158
2018-05-23,3,1,35.0,38.2,32.3,,158
2018-05-24,3,1,37.0,38.2,32.3,,158
2018-05-26,3,1,33.0,38.2,32.3,,158
2018-05-28,3,1,34.0,38.2,30.1,,158
2018-05-29,3,1,33.0,38.2,30.0,,158
2018-05-30,3,1,34.0,38.2,30.0,,158
2018-05-01,3,2,285.0,,22.4,,160
2018-05-02,3,2,286.0,,22.5,,160
2018-05-05,3,2,287.0,,22.5,,160
2018-05-06,3,2,287.0,,21.3,,160
2018-05-07,3,2,288.0,,21.3,,160
2018-05-08,3,2,288.0,,21.4,,160
2018-05-10,3,2,289.0,,20.2,,160
2018-05-15,3,2,295.0,,20.2,,160
2018-05-16,3,2,290.0,,20.1,,160
2018-05-17,3,2,291.0,,22.3,,160
2018-05-18,3,2,291.0,,21.5,,160
2018-05-20,3,2,292.0,,21.5,,160
2018-05-23,3,2,293.0,63.4,21.6,,160
2018-05-26,3,2,294.0,63.4,22.4,,160
2018-05-29,3,2,295.0,63.4,22.4,,160
2018-02-01,3,1,34.0,38.2,,38.0,158
2018-05-13,3,1,32.0,51.2,43.5,,161
2018-05-14,3,1,33.0,51.2,43.5,,161
2018-05-19,3,1,33.0,51.0,43.0,,161
2018-05-20,3,1,32.0,51.0,43.0,,161
2018-02-12,3,1,36.0,38.2,,38.0,158
2018-02-13,3,1,35.0,38.2,,38.0,158
2018-05-23,3,1,33.0,54.0,43.0,,161
2018-05-24,3,1,32.0,54.0,43.0,,161
2018-05-25,3,1,32.0,54.0,43.8,,161
2018-05-01,3,2,12.0,,37.9,48.0,170
2018-05-02,3,2,12.0,,37.7,48.0,170
2018-05-06,3,2,12.0,,38.9,48.0,170
2018-02-01,3,2,212.0,27.7,,29.0,160
2018-02-02,3,2,214.0,27.7,,29.0,160
2018-02-03,3,2,215.0,27.7,,29.0,160
2018-05-09,3,2,12.0,,39.0,48.0,170
2018-02-04,3,2,217.0,27.7,,29.0,160
2018-02-05,3,2,218.0,27.7,,29.0,160
2018-02-06,3,2,219.0,27.7,,29.0,160
2018-02-07,3,2,220.0,27.7,,29.0,160
2018-02-08,3,2,222.0,,,29.0,160
2018-02-09,3,2,223.0,,,29.0,160
2018-02-10,3,2,224.0,,,29.0,160
2018-02-11,3,2,225.0,,,29.0,160
2018-02-12,3,2,227.0,,,29.0,160
2018-02-13,3,2,228.0,,,29.0,160
2018-02-14,3,2,229.0,,,29.0,160
2018-02-15,3,2,230.0,,,29.0,160
2018-02-16,3,2,231.0,,,29.0,160
2018-02-17,3,2,232.0,,,29.0,160
2018-02-18,3,2,233.0,,,29.0,160
2018-02-19,3,2,235.0,,,29.0,160
2018-02-20,3,2,236.0,,,29.0,160
2018-02-21,3,2,237.0,,,29.0,160
2018-02-22,3,2,238.0,,,29.0,160
2018-02-23,3,2,239.0,,,29.0,160
2018-02-24,3,2,240.0,,,29.0,160
2018-02-25,3,2,241.0,,,29.0,160
2018-02-26,3,2,242.0,,,29.0,160
2018-02-27,3,2,243.0,,,29.0,160
2018-02-28,3,2,244.0,,,29.0,160
2018-02-01,3,1,33.0,51.1,,,161
2018-05-06,3,1,41.0,47.0,44.0,,176
2018-02-08,3,1,33.0,51.2,,,161
2018-02-14,3,1,32.0,51.2,,,161
2018-02-20,3,1,18.0,51.1,,,161
2018-05-23,3,1,41.0,48.0,44.0,,176
2018-02-21,3,1,6.0,51.1,,,161
2018-05-25,3,1,41.0,48.0,43.9,,176
2018-05-27,3,1,41.0,48.0,44.2,,176
2018-05-28,3,1,41.0,47.0,44.4,,176
2018-02-01,3,2,12.0,,,46.0,170
2018-05-09,3,2,12.0,,65.5,79.0,177
2018-05-10,3,2,12.0,81.7,67.2,79.0,177
2018-05-12,3,2,12.0,81.7,66.4,79.0,177
2018-05-15,3,2,12.0,67.8,55.0,79.0,177
2018-05-19,3,2,9.0,65.8,53.5,79.0,177
2018-02-11,3,2,12.0,,,,170
2018-05-20,3,2,25.0,65.8,53.5,79.0,177
2018-05-21,3,2,55.0,65.8,53.5,79.0,177
2018-02-14,3,2,12.0,43.6,,44.0,170
2018-05-23,3,2,55.0,63.8,53.5,79.0,177
2018-05-26,3,2,54.0,63.8,53.5,79.0,177
2018-05-27,3,2,54.0,63.8,53.6,79.0,177
2018-05-28,3,2,53.0,63.8,51.7,79.0,177
2018-02-20,3,2,12.0,,,44.0,170
2018-05-29,3,2,53.0,63.9,52.6,79.0,177
2018-05-30,3,2,53.0,63.9,52.6,64.0,177
2018-05-01,3,3,12.0,,52.4,51.0,187
2018-05-04,3,3,12.0,,52.7,51.0,187
2018-02-01,3,1,0.0,47.0,,45.0,176
2018-02-04,3,1,0.0,48.0,,45.0,176
2018-05-09,3,3,12.0,,52.9,51.0,187
2018-05-28,3,3,12.0,,43.0,51.0,187
2018-05-01,3,3,32.0,78.1,69.3,,188
2018-02-01,3,2,,,,69.0,177
2018-05-05,3,3,34.0,78.1,66.4,,188
2018-05-06,3,3,34.0,77.1,65.6,,188
2018-05-07,3,3,33.0,77.1,65.6,,188
2018-05-08,3,3,32.0,77.1,65.6,,188
2018-02-05,3,2,95.0,,,69.0,177
2018-02-06,3,2,97.0,,,69.0,177
2018-07-01,3,1,37.0,38.3,28.9,,158
2018-05-10,3,3,33.0,75.2,64.1,,188
2018-07-02,3,1,38.0,38.3,30.0,,158
2018-02-09,3,2,98.0,,,69.0,177
2018-07-04,3,1,37.0,38.2,28.6,,158
2018-07-05,3,1,38.0,38.3,28.8,,158
2018-02-12,3,2,,77.0,,78.0,177
2018-07-09,3,1,38.0,38.3,29.6,,158
2018-07-10,3,1,37.0,38.3,29.6,,158
2018-05-20,3,3,34.0,75.2,64.2,,188
2018-07-12,3,1,38.0,38.3,29.5,,158
2018-07-13,3,1,38.0,38.3,29.4,,158
2018-02-20,3,2,,,,78.0,177
2018-07-16,3,1,38.0,38.3,29.2,,158
2018-05-28,3,3,35.0,75.2,64.2,,188
2018-07-20,3,1,40.0,38.3,29.0,,158
2018-07-21,3,1,37.0,38.3,29.0,,158
2018-07-22,3,1,38.0,38.3,29.3,,158
2018-02-01,3,1,0.0,,,57.0,187
2018-05-01,3,3,3.0,60.3,,61.0,198
2018-07-25,3,1,37.0,38.3,29.8,,158
2018-07-30,3,1,38.0,38.3,28.9,,158
2018-07-02,3,2,305.0,,21.5,,160
2018-07-04,3,2,305.0,,19.8,,160
2018-07-05,3,2,305.0,,18.6,,160
2018-07-07,3,2,306.0,,18.6,,160
2018-07-08,3,2,306.0,,20.1,,160
2018-07-09,3,2,306.0,,19.1,,160
2018-07-10,3,2,307.0,,19.1,,160
2018-07-13,3,2,307.0,,17.9,,160
2018-07-14,3,2,308.0,,19.6,,160
2018-07-17,3,2,308.0,,18.4,,160
2018-07-19,3,2,309.0,,19.6,,160
2018-02-01,3,3,0.0,,,53.0,187
2018-05-01,3,3,,39.4,32.8,,222
2018-07-23,3,2,310.0,,19.8,,160
2018-02-04,3,3,16.0,,,53.0,187
2018-07-24,3,2,310.0,,21.0,,160
2018-02-05,3,3,95.0,,,53.0,187
2018-03-01,3,2,,230.4,158.3,265.0,230
2018-07-25,3,2,310.0,,19.9,,160
2018-02-06,3,3,97.0,,,53.0,187
2018-03-03,3,2,,236.3,131.4,265.0,230
2018-07-27,3,2,311.0,,19.9,,160
2018-07-28,3,2,311.0,,18.7,,160
2018-03-05,3,2,,236.3,129.1,265.0,230
2018-02-09,3,3,98.0,,,53.0,187
2018-07-29,3,2,308.0,,18.7,,160
2018-07-30,3,2,311.0,,18.6,,160
2018-03-07,3,2,,228.4,125.7,265.0,230
2018-02-11,3,3,64.0,,,53.0,187
2018-03-08,3,2,,230.4,141.5,265.0,230
2018-07-31,3,2,312.0,,18.8,,160
2018-03-09,3,2,,225.4,143.1,265.0,230
2018-07-01,3,1,33.0,51.0,43.1,,161
2018-02-14,3,3,0.0,61.3,,62.0,187
2018-03-11,3,2,,225.4,142.6,265.0,230
2018-07-03,3,1,32.0,51.0,42.8,,161
2018-07-05,3,1,33.0,51.0,43.2,,161
2018-05-15,3,3,,41.4,34.0,,222
2018-07-06,3,1,32.0,51.0,43.2,,161
2018-07-07,3,1,32.0,51.1,43.7,,161
2018-03-16,3,2,,224.4,142.0,265.0,230
2018-07-09,3,1,32.0,51.1,43.4,,161
2018-03-17,3,2,,224.4,142.4,265.0,230
2018-02-22,3,3,0.0,,,62.0,187
2018-07-11,3,1,32.0,51.0,43.4,,161
2018-03-20,3,2,,219.5,142.4,265.0,230
2018-07-12,3,1,33.0,51.0,43.4,,161
2018-05-23,3,3,,41.4,33.1,,222
2018-03-23,3,2,,216.5,141.2,265.0,230
2018-03-24,3,2,,215.5,140.6,265.0,230
2018-07-16,3,1,32.0,51.0,43.7,,161
2018-02-01,3,3,29.0,71.4,,43.0,188
2018-07-19,3,1,33.0,51.1,43.6,,161
2018-05-28,3,3,,44.3,36.5,,222
2018-03-28,3,2,,205.6,140.6,265.0,230
2018-03-01,3,1,50.0,141.5,111.3,156.0,232
2018-03-02,3,1,52.0,141.5,111.3,156.0,232
2018-02-10,3,3,30.0,75.2,,43.0,188
2018-07-27,3,3,33.0,51.1,44.1,,161
2018-03-04,3,1,50.0,141.0,110.3,156.0,232
2018-03-05,3,1,49.0,141.0,110.3,156.0,232
2018-07-28,3,1,33.0,51.1,43.8,,161
2018-03-06,3,1,48.0,141.0,110.3,156.0,232
2018-03-07,3,1,50.0,141.0,111.2,156.0,232
2018-02-15,3,3,31.0,75.2,,43.0,188
2018-07-31,3,1,32.0,51.0,43.9,,161
2018-03-09,3,1,51.0,141.0,111.2,156.0,232
2018-03-10,3,1,50.0,141.4,113.2,156.0,232
2018-07-03,3,2,12.0,,45.0,48.0,170
2018-03-11,3,1,51.0,141.4,113.2,156.0,232
2018-07-04,3,2,12.0,,43.6,48.0,170
2018-02-19,3,3,32.0,75.2,,43.0,188
2018-03-14,3,1,49.0,141.4,113.2,156.0,232
2018-03-15,3,1,52.0,144.9,122.0,156.0,232
2018-03-16,3,1,51.0,144.9,122.5,156.0,232
2018-03-17,3,1,50.0,144.9,122.5,156.0,232
2018-07-09,3,2,12.0,,37.8,48.0,170
2018-02-25,3,3,33.0,75.2,,43.0,188
2018-02-26,3,3,34.0,75.2,,43.0,188
2018-03-20,3,1,49.0,144.9,122.5,156.0,232
2018-07-14,3,2,12.0,,37.6,48.0,170
2018-03-22,3,1,67.0,144.9,122.5,156.0,232
2018-02-01,3,3,36.0,,,34.0,198
2018-03-23,3,1,57.0,144.9,121.1,156.0,232
2018-03-24,3,1,49.0,144.9,122.2,156.0,232
2018-05-25,3,2,200.0,,,,232
2018-07-16,3,2,12.0,,44.7,48.0,170
2018-03-25,3,1,50.0,144.9,122.2,156.0,232
2018-07-18,3,2,12.0,,43.4,48.0,170
2018-03-26,3,1,47.0,144.9,122.2,156.0,232
2018-03-27,3,1,51.0,144.9,122.2,156.0,232
2018-07-20,3,2,12.0,,44.5,48.0,170
2018-07-22,3,2,12.0,,45.8,48.0,170
2018-05-01,3,1,55.0,61.6,59.2,,235
2018-02-11,3,3,86.0,,,34.0,198
2018-02-12,3,3,179.0,,,34.0,198
2018-05-04,3,1,54.0,61.6,59.2,,235
2018-05-05,3,1,55.0,61.6,59.4,,235
2018-05-07,3,1,53.0,61.6,59.3,,235
2018-05-08,3,1,54.0,61.6,58.9,,235
2018-05-09,3,1,54.0,61.6,59.3,,235
2018-05-10,3,1,55.0,61.5,59.1,,235
2018-07-01,3,1,41.0,47.0,45.2,,176
2018-05-11,3,1,55.0,61.6,59.1,,235
2018-05-12,3,1,53.0,61.5,59.2,,235
2018-05-13,3,1,52.0,61.6,59.3,,235
2018-05-14,3,1,55.0,61.6,59.3,,235
2018-05-16,3,1,51.0,61.6,59.2,,235
2018-05-20,3,1,55.0,61.6,58.8,,235
2018-02-01,4,4,,,,,211
2018-05-21,3,1,52.0,61.6,58.9,,235
2018-05-22,3,1,55.0,61.8,59.8,,235
2018-05-23,3,1,54.0,63.8,54.5,,235
2018-05-24,3,1,55.0,63.5,53.1,,235
2018-05-25,3,1,50.0,63.5,53.1,,235
2018-05-27,3,1,54.0,63.5,53.4,,235
2018-05-30,3,1,54.0,61.6,58.6,,235
2018-07-24,3,1,41.0,47.0,44.5,,176
2018-05-06,3,2,44.0,56.4,38.0,,239
2018-07-01,3,2,45.0,54.9,45.7,64.0,177
2018-07-02,3,2,45.0,54.9,44.6,64.0,177
2018-07-04,3,2,45.0,54.9,45.0,64.0,177
2018-02-01,3,3,,43.4,,,222
2018-05-20,3,2,44.0,55.3,37.0,,239
2018-02-04,3,3,,42.4,,,222
2018-07-13,3,2,45.0,54.9,45.2,64.0,177
2018-07-16,3,2,45.0,53.9,44.5,64.0,177
2018-07-17,3,2,46.0,53.9,44.1,64.0,177
2018-07-19,3,2,44.0,53.9,44.5,64.0,177
2018-07-20,3,2,43.0,53.9,44.6,64.0,177
2018-07-21,3,2,43.0,53.9,44.1,64.0,177
2018-07-22,3,2,43.0,52.9,43.4,64.0,177
2018-07-23,3,2,43.0,51.9,42.6,64.0,177
2018-05-01,3,3,0.0,51.0,41.1,,240
2018-07-24,3,2,42.0,52.9,43.4,64.0,177
2018-07-25,3,2,42.0,51.9,42.6,64.0,177
2018-07-27,3,2,42.0,51.9,43.0,64.0,177
2018-05-05,3,3,0.0,51.0,40.7,,240
2018-07-01,3,3,12.0,,47.4,,187
2018-07-02,3,3,12.0,,46.4,,187
2018-07-03,3,3,12.0,,44.7,,187
2018-02-01,3,2,,,,10.0,232
2018-07-07,3,3,12.0,,43.7,,187
2018-07-09,3,3,12.0,,42.4,,187
2018-05-20,3,3,0.0,51.0,41.3,,240
2018-07-13,3,3,12.0,,43.4,,187
2018-05-23,3,3,0.0,53.0,41.3,,240
2018-07-16,3,3,12.0,,44.6,,187
2018-07-17,3,3,12.0,,43.6,,187
2018-07-18,3,3,12.0,,42.6,,187
2018-05-28,3,3,0.0,53.0,43.0,,240
2018-07-22,3,3,12.0,,44.5,,187
2018-07-23,3,3,12.0,,43.5,,187
2018-07-24,3,3,12.0,,55.4,,187
2018-07-28,3,3,12.0,,55.5,,187
2018-07-01,3,3,36.0,77.1,63.1,,188
2018-02-01,3,1,,53.7,,53.0,235
2018-07-04,3,3,38.0,78.1,63.7,,188
2018-07-05,3,3,38.0,78.1,64.2,,188
2018-07-07,3,3,38.0,80.0,65.8,,188
2018-07-08,3,3,38.0,80.0,65.5,,188
2018-07-09,3,3,38.0,80.9,66.3,,188
2018-07-11,3,3,38.0,81.9,67.1,,188
2018-07-13,3,3,38.0,81.9,66.4,,188
2018-07-14,3,3,38.0,81.9,66.9,,188
2018-07-16,3,3,38.0,81.9,65.8,,188
2018-07-18,3,3,38.0,81.9,66.1,,188
2018-07-19,3,3,38.0,81.9,65.5,,188
2018-07-20,3,3,39.0,81.9,66.8,,188
2018-07-21,3,3,38.0,81.9,66.8,,188
2018-07-23,3,3,39.0,81.9,66.1,,188
2018-07-27,3,3,38.0,81.9,65.4,,188
2018-07-28,3,3,38.0,81.9,66.0,,188
2018-07-29,3,3,38.0,81.8,64.7,,188
2018-02-01,3,2,44.0,55.3,,63.0,239
2018-02-07,3,2,45.0,55.3,,63.0,239
2018-07-10,3,3,3.0,70.2,,61.0,198
2018-02-14,3,2,44.0,55.4,,63.0,239
2018-07-16,3,3,3.0,71.1,,61.0,198
2018-02-26,3,2,43.0,55.4,,63.0,239
2018-02-28,3,2,43.0,54.3,,63.0,239
2018-02-01,3,2,0.0,,,50.0,240
2018-02-04,3,2,0.0,72.0,,50.0,240
2018-02-07,3,2,0.0,70.0,,50.0,240
2018-02-08,3,2,0.0,69.8,,50.0,240
2018-02-10,3,2,0.0,60.9,,50.0,240
2018-02-11,3,2,0.0,58.9,,50.0,240
2018-02-17,3,2,0.0,59.9,,50.0,240
2018-07-15,3,3,,39.4,32.4,,222
2018-02-24,3,2,0.0,53.0,,50.0,240
2018-02-25,3,2,0.0,52.0,,50.0,240
2018-02-28,3,2,0.0,54.0,,50.0,240
2018-07-31,3,3,,39.4,32.9,,222
2018-07-08,3,1,,,58.8,59.0,235
2018-07-09,3,1,0.0,60.7,56.5,59.0,235
2018-07-10,3,1,,60.7,56.5,59.0,235
2018-07-11,3,1,0.0,57.8,54.0,59.0,235
2018-07-13,3,1,,122.1,138.3,59.0,235
2018-07-14,3,1,,59.7,55.8,59.0,235
2018-07-15,3,1,0.0,54.8,51.1,59.0,235
2018-07-16,3,1,,54.8,51.3,59.0,235
2018-07-17,3,1,,53.9,48.8,59.0,235
2018-07-19,3,1,0.0,53.9,49.0,59.0,235
2018-07-20,3,1,0.0,53.9,48.4,59.0,235
2018-07-21,3,1,,53.9,49.3,59.0,235
2018-07-22,3,1,,53.9,49.6,59.0,235
2018-07-23,3,1,0.0,53.9,49.3,59.0,235
2018-07-24,3,1,0.0,53.9,49.2,59.0,235
2018-07-26,3,3,,53.9,49.3,59.0,235
2018-07-27,3,3,,53.8,49.1,59.0,235
2018-07-28,3,3,0.0,54.8,49.7,59.0,235
2018-07-30,3,3,,54.8,49.7,59.0,235
2018-07-31,3,3,40.0,54.8,49.7,59.0,235
2018-07-04,3,2,44.0,55.3,37.3,,239
2018-07-05,3,2,43.0,55.3,37.9,,239
2018-07-07,3,2,43.0,54.3,36.0,,239
2018-07-09,3,2,43.0,55.4,37.3,,239
2018-07-11,3,2,43.0,55.4,36.6,,239
2018-07-15,3,2,43.0,54.4,36.0,,239
2018-07-17,3,2,44.0,54.4,36.0,,239
2018-07-20,3,2,43.0,54.4,36.7,,239
2018-07-24,3,2,43.0,54.3,36.6,,239
2018-07-27,3,2,43.0,54.3,36.5,,239
2018-07-01,3,3,41.0,52.0,42.1,,240
2018-07-02,3,3,42.0,52.0,42.1,,240
2018-07-03,3,3,43.0,53.0,43.5,,240
2018-07-04,3,3,43.0,54.0,44.3,,240
2018-07-05,3,3,44.0,54.0,44.3,,240
2018-07-07,3,3,45.0,55.0,45.0,,240
2018-07-08,3,3,47.0,55.0,45.0,,240
2018-07-09,3,3,45.0,56.9,46.2,,240
2018-07-10,3,3,46.0,56.9,46.2,,240
2018-07-11,3,3,46.0,56.0,45.4,,240
2018-07-12,3,3,45.0,56.0,45.4,,240
2018-07-13,3,3,46.0,58.9,48.1,,240
2018-07-14,3,3,46.0,57.9,47.3,,240
2018-07-15,3,3,45.0,57.9,46.6,,240
2018-07-17,3,3,46.0,57.0,46.3,,240
2018-07-18,3,3,44.0,56.0,45.1,,240
2018-07-19,3,2,41.0,53.1,42.6,,240
2018-07-20,3,2,39.0,51.1,42.6,,240
2018-07-21,3,1,40.0,51.1,41.5,,240
2018-07-22,3,1,40.0,51.1,41.9,,240
2018-07-23,3,1,39.0,51.1,41.8,,240
2018-07-24,3,1,39.0,51.1,41.5,,240
2018-07-25,3,1,39.0,51.1,40.7,,240
2018-07-29,3,1,39.0,51.0,41.3,,240
2018-06-01,3,2,,179.9,110.4,,230
2018-06-02,3,2,,179.8,110.0,,230
2018-06-03,3,2,,179.8,109.9,,230
2018-06-04,3,2,,177.9,108.0,,230
2018-06-05,3,2,,177.9,108.6,,230
2018-06-09,3,2,,187.9,124.1,,230
2018-06-12,3,2,,176.9,124.8,,230
2018-06-15,3,2,,184.9,118.6,,230
2018-06-16,3,2,,179.9,115.5,,230
2018-06-18,3,2,,177.1,109.1,,230
2018-06-19,3,2,,180.1,110.9,,230
2018-06-20,3,2,,179.1,110.3,,230
2018-06-22,3,2,,178.1,109.7,,230
2018-06-24,3,2,,176.9,94.6,,230
2018-06-26,3,2,,177.9,106.5,,230
2018-06-29,3,2,,177.9,106.4,,230
2018-06-30,3,2,,177.9,105.4,,230
2018-06-01,3,1,49.0,140.3,113.7,,232
2018-06-03,3,1,49.0,138.7,110.3,,232
2018-06-04,3,1,49.0,138.7,111.4,,232
2018-06-06,3,1,49.0,139.5,112.9,,232
2018-06-08,3,1,50.0,140.9,116.3,,232
2018-06-09,3,1,49.0,140.9,116.6,,232
2018-06-13,3,1,49.0,142.2,121.4,,232
2018-06-14,3,1,48.0,142.2,121.4,,232
2018-06-15,3,1,49.0,141.8,119.5,,232
2018-06-17,3,1,48.0,141.8,119.5,,232
2018-06-24,3,1,50.0,141.8,121.1,,232
2018-06-26,3,1,49.0,141.8,121.1,,232
2018-06-27,3,1,49.0,143.2,124.8,,232
2018-06-29,3,1,49.0,143.2,125.1,,232
2018-05-01,3,2,,182.8,122.0,265.0,230
2018-05-02,3,2,,182.8,122.7,265.0,230
2018-05-06,3,2,,181.8,121.7,265.0,230
2018-05-09,3,2,,182.8,125.1,265.0,230
2018-05-14,3,2,,182.8,119.2,265.0,230
2018-05-16,3,2,,182.8,119.0,265.0,230
2018-05-19,3,2,,179.8,116.5,265.0,230
2018-05-22,3,2,,179.8,115.7,265.0,230
2018-05-25,3,2,,182.8,117.0,265.0,230
2018-05-28,3,2,,180.8,119.5,265.0,230
2018-02-01,3,2,,228.2,,294.0,230
2018-05-31,3,2,,179.9,110.4,265.0,230
2018-02-02,3,2,,207.5,,294.0,230
2018-05-01,3,1,50.0,140.1,110.5,,232
2018-05-02,3,1,49.0,140.1,110.5,,232
2018-05-03,3,1,48.0,140.1,110.5,,232
2018-02-07,3,2,,207.5,,180.0,230
2018-05-05,3,1,49.0,140.2,110.6,,232
2018-05-06,3,1,49.0,141.1,113.7,,232
2018-05-08,3,1,49.0,141.2,113.9,,232
2018-02-10,3,2,,,,180.0,230
2018-05-09,3,1,49.0,140.3,113.4,,232
2018-05-12,3,1,51.0,140.3,113.4,,232
2018-05-13,3,1,50.0,141.2,115.7,,232
2018-05-14,3,1,49.0,140.2,115.0,,232
2018-05-15,3,1,52.0,140.2,115.0,,232
2018-05-16,3,1,43.0,140.2,115.0,,232
2018-05-17,3,1,51.0,140.6,115.7,,232
2018-05-19,3,1,48.0,140.6,115.7,,232
2018-05-22,3,1,49.0,140.6,115.7,,232
2018-02-24,3,2,,257.1,,180.0,230
2018-02-25,3,2,,253.2,,273.0,230
2018-05-24,3,1,48.0,140.6,114.6,,232
2018-05-25,3,1,49.0,138.6,109.3,,232
2018-02-28,3,2,,230.4,,265.0,230
2018-05-27,3,1,49.0,140.3,113.5,,232
2018-02-01,3,1,53.0,144.4,,156.0,232
2018-05-28,3,1,48.0,140.3,113.7,,232
2018-02-02,3,1,51.0,144.4,,156.0,232
2018-05-29,3,1,50.0,140.3,113.7,,232
2018-02-04,3,1,52.0,144.5,,156.0,232
2018-02-05,3,1,51.0,143.2,,156.0,232
2018-02-07,3,1,51.0,142.8,,156.0,232
2018-02-10,3,1,51.0,143.0,,156.0,232
2018-02-12,3,1,51.0,145.7,,156.0,232
2018-02-13,3,1,52.0,145.7,,156.0,232
2018-02-16,3,1,51.0,145.5,,156.0,232
2018-02-17,3,1,51.0,144.6,,156.0,232
2018-02-19,3,1,51.0,141.4,,156.0,232
2018-02-20,3,1,51.0,141.2,,156.0,232
2018-02-21,3,1,50.0,141.2,,156.0,232
2018-02-24,3,1,51.0,141.9,,156.0,232
2018-02-26,3,1,50.0,141.9,,156.0,232
2018-02-27,3,1,51.0,141.5,,156.0,232
2018-02-28,3,1,50.0,141.5,,156.0,232
2018-07-01,3,2,,178.5,124.9,,230
2018-07-02,3,2,,178.5,125.8,,230
2018-07-20,3,2,,,134.7,249.0,230
2018-07-21,3,2,,225.8,135.6,239.0,230
2018-07-22,3,2,,216.9,130.2,239.0,230
2018-07-23,3,2,,211.9,127.1,239.0,230
2018-07-24,3,2,,212.9,127.8,239.0,230
2018-07-25,3,2,,209.0,125.4,239.0,230
2018-07-27,3,2,,199.1,119.4,239.0,230
2018-07-30,3,2,,193.1,115.8,239.0,230
2018-07-01,3,1,49.0,143.2,124.5,,232
2018-07-02,3,1,49.0,143.2,125.5,,232
2018-07-03,3,1,50.0,143.2,124.7,,232
2018-07-04,3,1,50.0,143.2,123.7,,232
2018-07-05,3,1,50.0,144.2,126.4,,232
2018-07-06,3,1,50.0,143.7,127.4,,232
2018-07-07,3,1,49.0,143.7,126.4,,232
2018-07-09,3,1,51.0,143.7,127.4,,232
2018-07-10,3,1,49.0,144.8,129.6,,232
2018-07-11,3,1,49.0,144.8,128.6,,232
2018-07-12,3,1,51.0,144.8,128.6,,232
2018-07-13,3,1,49.0,143.0,123.7,,232
2018-07-14,3,1,48.0,143.0,124.6,,232
2018-07-15,3,1,49.0,152.6,130.2,,232
2018-07-16,3,1,50.0,152.6,130.2,,232
2018-07-17,3,1,52.0,152.6,130.2,,232
2018-07-18,3,1,51.0,152.6,130.2,,232
2018-07-19,3,1,47.0,152.6,130.2,,232
2018-07-20,3,1,53.0,150.6,126.5,,232
2018-07-21,3,1,50.0,143.9,125.5,,232
2018-07-22,3,1,50.0,143.9,121.9,,232
2018-07-23,3,1,49.0,143.3,120.5,,232
2018-07-25,3,1,50.0,143.3,118.4,,232
2018-07-26,3,1,51.0,143.3,118.4,,232
2018-07-27,3,1,51.0,142.9,118.5,,232
2018-07-28,3,1,68.0,142.9,119.5,,232
2018-07-29,3,1,50.0,142.9,119.5,,232
2018-07-30,3,1,50.0,144.9,121.4,,232
2018-07-31,3,1,49.0,144.9,121.4,,232
